1,0,codegeex4-all-9b
5,0,codegeex4-all-9b
6,0,codegeex4-all-9b
8,1,codegeex4-all-9b
9,1,codegeex4-all-9b
11,1,codegeex4-all-9b
12,1,codegeex4-all-9b
13,0,codegeex4-all-9b
17,0,codegeex4-all-9b
18,1,codegeex4-all-9b
19,1,codegeex4-all-9b
20,1,codegeex4-all-9b
21,0,codegeex4-all-9b
22,1,codegeex4-all-9b
23,1,codegeex4-all-9b
24,1,codegeex4-all-9b
26,0,codegeex4-all-9b
27,1,codegeex4-all-9b
28,1,codegeex4-all-9b
31,0,codegeex4-all-9b
35,1,codegeex4-all-9b
36,1,codegeex4-all-9b
41,1,codegeex4-all-9b
42,1,codegeex4-all-9b
43,1,codegeex4-all-9b
44,0,codegeex4-all-9b
45,1,codegeex4-all-9b
46,1,codegeex4-all-9b
47,0,codegeex4-all-9b
52,1,codegeex4-all-9b
54,0,codegeex4-all-9b
55,0,codegeex4-all-9b
58,1,codegeex4-all-9b
59,0,codegeex4-all-9b
60,1,codegeex4-all-9b
62,0,codegeex4-all-9b
64,1,codegeex4-all-9b
65,1,codegeex4-all-9b
67,1,codegeex4-all-9b
68,0,codegeex4-all-9b
70,1,codegeex4-all-9b
71,1,codegeex4-all-9b
72,0,codegeex4-all-9b
73,1,codegeex4-all-9b
75,1,codegeex4-all-9b
76,0,codegeex4-all-9b
77,1,codegeex4-all-9b
78,1,codegeex4-all-9b
79,0,codegeex4-all-9b
80,1,codegeex4-all-9b
81,0,codegeex4-all-9b
83,0,codegeex4-all-9b
84,0,codegeex4-all-9b
86,0,codegeex4-all-9b
214,1,codegeex4-all-9b
215,1,codegeex4-all-9b
219,1,codegeex4-all-9b
220,0,codegeex4-all-9b
224,1,codegeex4-all-9b
226,0,codegeex4-all-9b
229,1,codegeex4-all-9b
230,0,codegeex4-all-9b
231,0,codegeex4-all-9b
232,1,codegeex4-all-9b
233,0,codegeex4-all-9b
234,1,codegeex4-all-9b
235,0,codegeex4-all-9b
241,1,codegeex4-all-9b
242,0,codegeex4-all-9b
244,1,codegeex4-all-9b
248,1,codegeex4-all-9b
250,0,codegeex4-all-9b
256,1,codegeex4-all-9b
259,0,codegeex4-all-9b
260,1,codegeex4-all-9b
262,0,codegeex4-all-9b
264,1,codegeex4-all-9b
267,1,codegeex4-all-9b
268,0,codegeex4-all-9b
269,1,codegeex4-all-9b
281,0,codegeex4-all-9b
282,0,codegeex4-all-9b
286,1,codegeex4-all-9b
290,0,codegeex4-all-9b
291,1,codegeex4-all-9b
369,1,codegeex4-all-9b
370,1,codegeex4-all-9b
380,0,codegeex4-all-9b
381,0,codegeex4-all-9b
390,1,codegeex4-all-9b
392,0,codegeex4-all-9b
395,1,codegeex4-all-9b
396,1,codegeex4-all-9b
401,1,codegeex4-all-9b
404,1,codegeex4-all-9b
405,0,codegeex4-all-9b
406,1,codegeex4-all-9b
410,0,codegeex4-all-9b
413,1,codegeex4-all-9b
420,1,codegeex4-all-9b
423,1,codegeex4-all-9b
424,0,codegeex4-all-9b
427,1,codegeex4-all-9b
430,0,codegeex4-all-9b
431,1,codegeex4-all-9b
433,0,codegeex4-all-9b
444,1,codegeex4-all-9b
445,0,codegeex4-all-9b
451,1,codegeex4-all-9b
460,1,codegeex4-all-9b
462,0,codegeex4-all-9b
465,1,codegeex4-all-9b
468,1,codegeex4-all-9b
469,1,codegeex4-all-9b
470,0,codegeex4-all-9b
471,1,codegeex4-all-9b
474,0,codegeex4-all-9b
475,1,codegeex4-all-9b
476,0,codegeex4-all-9b
482,1,codegeex4-all-9b
483,1,codegeex4-all-9b
485,1,codegeex4-all-9b
486,1,codegeex4-all-9b
487,1,codegeex4-all-9b
488,1,codegeex4-all-9b
490,0,codegeex4-all-9b
492,1,codegeex4-all-9b
493,1,codegeex4-all-9b
494,1,codegeex4-all-9b
495,0,codegeex4-all-9b
496,1,codegeex4-all-9b
498,0,codegeex4-all-9b
499,1,codegeex4-all-9b
500,0,codegeex4-all-9b
501,0,codegeex4-all-9b
505,1,codegeex4-all-9b
506,0,codegeex4-all-9b
507,1,codegeex4-all-9b
509,0,codegeex4-all-9b
510,1,codegeex4-all-9b
511,0,codegeex4-all-9b
512,1,codegeex4-all-9b
513,0,codegeex4-all-9b
514,1,codegeex4-all-9b
515,0,codegeex4-all-9b
516,1,codegeex4-all-9b
517,1,codegeex4-all-9b
518,1,codegeex4-all-9b
519,1,codegeex4-all-9b
520,0,codegeex4-all-9b
521,1,codegeex4-all-9b
522,1,codegeex4-all-9b
523,1,codegeex4-all-9b
524,1,codegeex4-all-9b
525,1,codegeex4-all-9b
526,0,codegeex4-all-9b
527,1,codegeex4-all-9b
546,1,codegeex4-all-9b
547,0,codegeex4-all-9b
551,1,codegeex4-all-9b
552,0,codegeex4-all-9b
555,1,codegeex4-all-9b
557,1,codegeex4-all-9b
558,1,codegeex4-all-9b
87,0,codegeex4-all-9b
88,0,codegeex4-all-9b
89,1,codegeex4-all-9b
92,0,codegeex4-all-9b
93,1,codegeex4-all-9b
95,0,codegeex4-all-9b
96,1,codegeex4-all-9b
97,0,codegeex4-all-9b
99,0,codegeex4-all-9b
100,1,codegeex4-all-9b
101,1,codegeex4-all-9b
103,1,codegeex4-all-9b
106,1,codegeex4-all-9b
107,0,codegeex4-all-9b
108,1,codegeex4-all-9b
110,0,codegeex4-all-9b
112,0,codegeex4-all-9b
116,1,codegeex4-all-9b
117,1,codegeex4-all-9b
118,1,codegeex4-all-9b
121,0,codegeex4-all-9b
122,1,codegeex4-all-9b
123,0,codegeex4-all-9b
124,0,codegeex4-all-9b
125,1,codegeex4-all-9b
129,1,codegeex4-all-9b
130,0,codegeex4-all-9b
133,1,codegeex4-all-9b
134,1,codegeex4-all-9b
135,0,codegeex4-all-9b
138,0,codegeex4-all-9b
139,1,codegeex4-all-9b
292,1,codegeex4-all-9b
298,0,codegeex4-all-9b
299,1,codegeex4-all-9b
315,1,codegeex4-all-9b
317,0,codegeex4-all-9b
318,0,codegeex4-all-9b
319,0,codegeex4-all-9b
320,1,codegeex4-all-9b
322,1,codegeex4-all-9b
323,0,codegeex4-all-9b
326,1,codegeex4-all-9b
447,0,codegeex4-all-9b
450,1,codegeex4-all-9b
528,1,codegeex4-all-9b
529,1,codegeex4-all-9b
530,1,codegeex4-all-9b
532,1,codegeex4-all-9b
533,1,codegeex4-all-9b
534,0,codegeex4-all-9b
535,1,codegeex4-all-9b
536,0,codegeex4-all-9b
537,1,codegeex4-all-9b
540,0,codegeex4-all-9b
541,1,codegeex4-all-9b
542,1,codegeex4-all-9b
543,1,codegeex4-all-9b
544,1,codegeex4-all-9b
545,0,codegeex4-all-9b
559,1,codegeex4-all-9b
560,1,codegeex4-all-9b
140,0,codegeex4-all-9b
141,1,codegeex4-all-9b
142,0,codegeex4-all-9b
143,1,codegeex4-all-9b
144,1,codegeex4-all-9b
146,1,codegeex4-all-9b
150,0,codegeex4-all-9b
151,0,codegeex4-all-9b
153,1,codegeex4-all-9b
155,0,codegeex4-all-9b
156,0,codegeex4-all-9b
157,1,codegeex4-all-9b
158,0,codegeex4-all-9b
159,1,codegeex4-all-9b
160,1,codegeex4-all-9b
161,1,codegeex4-all-9b
162,0,codegeex4-all-9b
165,1,codegeex4-all-9b
166,0,codegeex4-all-9b
167,0,codegeex4-all-9b
168,1,codegeex4-all-9b
169,1,codegeex4-all-9b
331,0,codegeex4-all-9b
334,0,codegeex4-all-9b
341,1,codegeex4-all-9b
342,1,codegeex4-all-9b
565,1,codegeex4-all-9b
566,1,codegeex4-all-9b
567,0,codegeex4-all-9b
569,0,codegeex4-all-9b
571,1,codegeex4-all-9b
575,0,codegeex4-all-9b
576,1,codegeex4-all-9b
577,0,codegeex4-all-9b
578,1,codegeex4-all-9b
581,1,codegeex4-all-9b
582,1,codegeex4-all-9b
583,0,codegeex4-all-9b
584,1,codegeex4-all-9b
585,0,codegeex4-all-9b
586,0,codegeex4-all-9b
170,1,codegeex4-all-9b
173,1,codegeex4-all-9b
174,1,codegeex4-all-9b
176,1,codegeex4-all-9b
177,0,codegeex4-all-9b
178,0,codegeex4-all-9b
179,1,codegeex4-all-9b
180,1,codegeex4-all-9b
181,1,codegeex4-all-9b
182,0,codegeex4-all-9b
348,1,codegeex4-all-9b
349,0,codegeex4-all-9b
350,0,codegeex4-all-9b
351,0,codegeex4-all-9b
352,0,codegeex4-all-9b
609,0,codegeex4-all-9b
610,1,codegeex4-all-9b
611,1,codegeex4-all-9b
612,0,codegeex4-all-9b
614,1,codegeex4-all-9b
615,1,codegeex4-all-9b
616,0,codegeex4-all-9b
617,1,codegeex4-all-9b
623,1,codegeex4-all-9b
625,0,codegeex4-all-9b
626,1,codegeex4-all-9b
628,1,codegeex4-all-9b
630,1,codegeex4-all-9b
631,0,codegeex4-all-9b
632,1,codegeex4-all-9b
633,1,codegeex4-all-9b
183,0,codegeex4-all-9b
184,1,codegeex4-all-9b
187,1,codegeex4-all-9b
188,0,codegeex4-all-9b
189,0,codegeex4-all-9b
190,1,codegeex4-all-9b
191,0,codegeex4-all-9b
196,1,codegeex4-all-9b
197,0,codegeex4-all-9b
198,1,codegeex4-all-9b
200,1,codegeex4-all-9b
202,1,codegeex4-all-9b
203,1,codegeex4-all-9b
204,0,codegeex4-all-9b
206,1,codegeex4-all-9b
207,0,codegeex4-all-9b
209,1,codegeex4-all-9b
210,1,codegeex4-all-9b
354,0,codegeex4-all-9b
355,0,codegeex4-all-9b
356,0,codegeex4-all-9b
357,1,codegeex4-all-9b
358,0,codegeex4-all-9b
365,1,codegeex4-all-9b
481,1,codegeex4-all-9b
589,0,codegeex4-all-9b
590,0,codegeex4-all-9b
592,0,codegeex4-all-9b
594,0,codegeex4-all-9b
595,1,codegeex4-all-9b
597,1,codegeex4-all-9b
598,1,codegeex4-all-9b
599,1,codegeex4-all-9b
601,1,codegeex4-all-9b
603,1,codegeex4-all-9b
604,1,codegeex4-all-9b
605,0,codegeex4-all-9b
606,0,codegeex4-all-9b
