1,1,Mistral-7B-Instruct-v0.3
5,0,Mistral-7B-Instruct-v0.3
6,4,Mistral-7B-Instruct-v0.3
8,4,Mistral-7B-Instruct-v0.3
9,1,Mistral-7B-Instruct-v0.3
11,0,Mistral-7B-Instruct-v0.3
12,0,Mistral-7B-Instruct-v0.3
13,1,Mistral-7B-Instruct-v0.3
17,0,Mistral-7B-Instruct-v0.3
18,1,Mistral-7B-Instruct-v0.3
19,1,Mistral-7B-Instruct-v0.3
21,1,Mistral-7B-Instruct-v0.3
22,1,Mistral-7B-Instruct-v0.3
23,1,Mistral-7B-Instruct-v0.3
24,1,Mistral-7B-Instruct-v0.3
25,1,Mistral-7B-Instruct-v0.3
26,3,Mistral-7B-Instruct-v0.3
28,0,Mistral-7B-Instruct-v0.3
31,2,Mistral-7B-Instruct-v0.3
35,2,Mistral-7B-Instruct-v0.3
36,0,Mistral-7B-Instruct-v0.3
41,1,Mistral-7B-Instruct-v0.3
42,4,Mistral-7B-Instruct-v0.3
43,0,Mistral-7B-Instruct-v0.3
44,1,Mistral-7B-Instruct-v0.3
45,1,Mistral-7B-Instruct-v0.3
46,1,Mistral-7B-Instruct-v0.3
47,1,Mistral-7B-Instruct-v0.3
52,1,Mistral-7B-Instruct-v0.3
53,1,Mistral-7B-Instruct-v0.3
54,1,Mistral-7B-Instruct-v0.3
55,3,Mistral-7B-Instruct-v0.3
56,1,Mistral-7B-Instruct-v0.3
58,1,Mistral-7B-Instruct-v0.3
59,1,Mistral-7B-Instruct-v0.3
60,1,Mistral-7B-Instruct-v0.3
62,0,Mistral-7B-Instruct-v0.3
64,1,Mistral-7B-Instruct-v0.3
65,3,Mistral-7B-Instruct-v0.3
67,1,Mistral-7B-Instruct-v0.3
68,0,Mistral-7B-Instruct-v0.3
70,1,Mistral-7B-Instruct-v0.3
71,3,Mistral-7B-Instruct-v0.3
72,1,Mistral-7B-Instruct-v0.3
73,1,Mistral-7B-Instruct-v0.3
75,1,Mistral-7B-Instruct-v0.3
76,1,Mistral-7B-Instruct-v0.3
77,1,Mistral-7B-Instruct-v0.3
78,1,Mistral-7B-Instruct-v0.3
79,1,Mistral-7B-Instruct-v0.3
80,2,Mistral-7B-Instruct-v0.3
81,0,Mistral-7B-Instruct-v0.3
83,3221225477,Mistral-7B-Instruct-v0.3
84,3221225477,Mistral-7B-Instruct-v0.3
213,1,Mistral-7B-Instruct-v0.3
214,1,Mistral-7B-Instruct-v0.3
215,1,Mistral-7B-Instruct-v0.3
219,1,Mistral-7B-Instruct-v0.3
220,1,Mistral-7B-Instruct-v0.3
221,1,Mistral-7B-Instruct-v0.3
224,1,Mistral-7B-Instruct-v0.3
226,1,Mistral-7B-Instruct-v0.3
227,1,Mistral-7B-Instruct-v0.3
229,1,Mistral-7B-Instruct-v0.3
230,1,Mistral-7B-Instruct-v0.3
231,1,Mistral-7B-Instruct-v0.3
232,1,Mistral-7B-Instruct-v0.3
233,2,Mistral-7B-Instruct-v0.3
234,1,Mistral-7B-Instruct-v0.3
235,0,Mistral-7B-Instruct-v0.3
241,1,Mistral-7B-Instruct-v0.3
242,1,Mistral-7B-Instruct-v0.3
248,1,Mistral-7B-Instruct-v0.3
249,1,Mistral-7B-Instruct-v0.3
250,1,Mistral-7B-Instruct-v0.3
255,1,Mistral-7B-Instruct-v0.3
256,1,Mistral-7B-Instruct-v0.3
259,0,Mistral-7B-Instruct-v0.3
260,1,Mistral-7B-Instruct-v0.3
262,1,Mistral-7B-Instruct-v0.3
263,1,Mistral-7B-Instruct-v0.3
264,0,Mistral-7B-Instruct-v0.3
266,1,Mistral-7B-Instruct-v0.3
267,1,Mistral-7B-Instruct-v0.3
268,0,Mistral-7B-Instruct-v0.3
269,1,Mistral-7B-Instruct-v0.3
281,2,Mistral-7B-Instruct-v0.3
282,1,Mistral-7B-Instruct-v0.3
286,1,Mistral-7B-Instruct-v0.3
290,1,Mistral-7B-Instruct-v0.3
291,1,Mistral-7B-Instruct-v0.3
370,1,Mistral-7B-Instruct-v0.3
380,3,Mistral-7B-Instruct-v0.3
381,0,Mistral-7B-Instruct-v0.3
386,0,Mistral-7B-Instruct-v0.3
390,0,Mistral-7B-Instruct-v0.3
392,0,Mistral-7B-Instruct-v0.3
395,0,Mistral-7B-Instruct-v0.3
396,1,Mistral-7B-Instruct-v0.3
401,1,Mistral-7B-Instruct-v0.3
404,3221225477,Mistral-7B-Instruct-v0.3
405,4,Mistral-7B-Instruct-v0.3
406,7,Mistral-7B-Instruct-v0.3
410,1,Mistral-7B-Instruct-v0.3
412,0,Mistral-7B-Instruct-v0.3
413,4,Mistral-7B-Instruct-v0.3
420,1,Mistral-7B-Instruct-v0.3
423,0,Mistral-7B-Instruct-v0.3
424,1,Mistral-7B-Instruct-v0.3
427,0,Mistral-7B-Instruct-v0.3
430,0,Mistral-7B-Instruct-v0.3
431,0,Mistral-7B-Instruct-v0.3
433,3,Mistral-7B-Instruct-v0.3
443,1,Mistral-7B-Instruct-v0.3
444,1,Mistral-7B-Instruct-v0.3
445,1,Mistral-7B-Instruct-v0.3
451,1,Mistral-7B-Instruct-v0.3
460,1,Mistral-7B-Instruct-v0.3
462,2,Mistral-7B-Instruct-v0.3
465,0,Mistral-7B-Instruct-v0.3
468,0,Mistral-7B-Instruct-v0.3
469,1,Mistral-7B-Instruct-v0.3
470,1,Mistral-7B-Instruct-v0.3
471,0,Mistral-7B-Instruct-v0.3
474,3221225477,Mistral-7B-Instruct-v0.3
475,0,Mistral-7B-Instruct-v0.3
476,4,Mistral-7B-Instruct-v0.3
482,4,Mistral-7B-Instruct-v0.3
483,1,Mistral-7B-Instruct-v0.3
485,1,Mistral-7B-Instruct-v0.3
486,0,Mistral-7B-Instruct-v0.3
487,1,Mistral-7B-Instruct-v0.3
488,1,Mistral-7B-Instruct-v0.3
490,1,Mistral-7B-Instruct-v0.3
492,0,Mistral-7B-Instruct-v0.3
493,1,Mistral-7B-Instruct-v0.3
494,0,Mistral-7B-Instruct-v0.3
495,1,Mistral-7B-Instruct-v0.3
496,0,Mistral-7B-Instruct-v0.3
498,1,Mistral-7B-Instruct-v0.3
499,3,Mistral-7B-Instruct-v0.3
500,1,Mistral-7B-Instruct-v0.3
501,0,Mistral-7B-Instruct-v0.3
505,4,Mistral-7B-Instruct-v0.3
506,3,Mistral-7B-Instruct-v0.3
507,0,Mistral-7B-Instruct-v0.3
509,0,Mistral-7B-Instruct-v0.3
510,1,Mistral-7B-Instruct-v0.3
511,5,Mistral-7B-Instruct-v0.3
512,3221226356,Mistral-7B-Instruct-v0.3
513,1,Mistral-7B-Instruct-v0.3
514,1,Mistral-7B-Instruct-v0.3
515,0,Mistral-7B-Instruct-v0.3
516,1,Mistral-7B-Instruct-v0.3
517,1,Mistral-7B-Instruct-v0.3
518,1,Mistral-7B-Instruct-v0.3
519,0,Mistral-7B-Instruct-v0.3
520,1,Mistral-7B-Instruct-v0.3
521,1,Mistral-7B-Instruct-v0.3
522,1,Mistral-7B-Instruct-v0.3
523,1,Mistral-7B-Instruct-v0.3
524,1,Mistral-7B-Instruct-v0.3
525,1,Mistral-7B-Instruct-v0.3
526,2,Mistral-7B-Instruct-v0.3
527,1,Mistral-7B-Instruct-v0.3
546,0,Mistral-7B-Instruct-v0.3
547,5,Mistral-7B-Instruct-v0.3
551,5,Mistral-7B-Instruct-v0.3
552,1,Mistral-7B-Instruct-v0.3
555,2,Mistral-7B-Instruct-v0.3
557,0,Mistral-7B-Instruct-v0.3
558,0,Mistral-7B-Instruct-v0.3
88,1,Mistral-7B-Instruct-v0.3
89,0,Mistral-7B-Instruct-v0.3
92,1,Mistral-7B-Instruct-v0.3
93,2,Mistral-7B-Instruct-v0.3
95,0,Mistral-7B-Instruct-v0.3
96,1,Mistral-7B-Instruct-v0.3
97,1,Mistral-7B-Instruct-v0.3
99,0,Mistral-7B-Instruct-v0.3
100,1,Mistral-7B-Instruct-v0.3
101,1,Mistral-7B-Instruct-v0.3
103,4,Mistral-7B-Instruct-v0.3
106,1,Mistral-7B-Instruct-v0.3
107,0,Mistral-7B-Instruct-v0.3
108,1,Mistral-7B-Instruct-v0.3
110,1,Mistral-7B-Instruct-v0.3
112,1,Mistral-7B-Instruct-v0.3
116,1,Mistral-7B-Instruct-v0.3
117,1,Mistral-7B-Instruct-v0.3
118,1,Mistral-7B-Instruct-v0.3
121,1,Mistral-7B-Instruct-v0.3
122,1,Mistral-7B-Instruct-v0.3
123,1,Mistral-7B-Instruct-v0.3
124,1,Mistral-7B-Instruct-v0.3
125,1,Mistral-7B-Instruct-v0.3
127,1,Mistral-7B-Instruct-v0.3
129,1,Mistral-7B-Instruct-v0.3
130,1,Mistral-7B-Instruct-v0.3
133,0,Mistral-7B-Instruct-v0.3
134,2,Mistral-7B-Instruct-v0.3
135,1,Mistral-7B-Instruct-v0.3
138,1,Mistral-7B-Instruct-v0.3
139,1,Mistral-7B-Instruct-v0.3
292,1,Mistral-7B-Instruct-v0.3
298,4,Mistral-7B-Instruct-v0.3
299,1,Mistral-7B-Instruct-v0.3
305,1,Mistral-7B-Instruct-v0.3
306,1,Mistral-7B-Instruct-v0.3
308,1,Mistral-7B-Instruct-v0.3
315,0,Mistral-7B-Instruct-v0.3
317,0,Mistral-7B-Instruct-v0.3
318,3,Mistral-7B-Instruct-v0.3
319,0,Mistral-7B-Instruct-v0.3
320,0,Mistral-7B-Instruct-v0.3
322,1,Mistral-7B-Instruct-v0.3
323,0,Mistral-7B-Instruct-v0.3
326,1,Mistral-7B-Instruct-v0.3
447,1,Mistral-7B-Instruct-v0.3
450,0,Mistral-7B-Instruct-v0.3
528,1,Mistral-7B-Instruct-v0.3
529,1,Mistral-7B-Instruct-v0.3
204,0,Mistral-7B-Instruct-v0.3
205,0,Mistral-7B-Instruct-v0.3
206,2,Mistral-7B-Instruct-v0.3
207,1,Mistral-7B-Instruct-v0.3
208,4,Mistral-7B-Instruct-v0.3
209,1,Mistral-7B-Instruct-v0.3
210,0,Mistral-7B-Instruct-v0.3
354,0,Mistral-7B-Instruct-v0.3
355,0,Mistral-7B-Instruct-v0.3
356,0,Mistral-7B-Instruct-v0.3
357,0,Mistral-7B-Instruct-v0.3
358,1,Mistral-7B-Instruct-v0.3
359,0,Mistral-7B-Instruct-v0.3
360,1,Mistral-7B-Instruct-v0.3
361,1,Mistral-7B-Instruct-v0.3
365,1,Mistral-7B-Instruct-v0.3
481,1,Mistral-7B-Instruct-v0.3
589,6,Mistral-7B-Instruct-v0.3
590,1,Mistral-7B-Instruct-v0.3
591,1,Mistral-7B-Instruct-v0.3
592,0,Mistral-7B-Instruct-v0.3
594,1,Mistral-7B-Instruct-v0.3
595,0,Mistral-7B-Instruct-v0.3
597,1,Mistral-7B-Instruct-v0.3
598,1,Mistral-7B-Instruct-v0.3
599,0,Mistral-7B-Instruct-v0.3
601,0,Mistral-7B-Instruct-v0.3
603,0,Mistral-7B-Instruct-v0.3
604,1,Mistral-7B-Instruct-v0.3
605,0,Mistral-7B-Instruct-v0.3
606,0,Mistral-7B-Instruct-v0.3
