1,0,starcoder2-7b
5,1,starcoder2-7b
6,1,starcoder2-7b
1,0,starcoder2-7b
5,1,starcoder2-7b
6,0,starcoder2-7b
1,1,starcoder2-7b
5,1,starcoder2-7b
6,0,starcoder2-7b
8,1,starcoder2-7b
9,1,starcoder2-7b
11,0,starcoder2-7b
12,1,starcoder2-7b
13,1,starcoder2-7b
17,1,starcoder2-7b
18,1,starcoder2-7b
19,1,starcoder2-7b
20,0,starcoder2-7b
21,1,starcoder2-7b
22,1,starcoder2-7b
23,1,starcoder2-7b
24,1,starcoder2-7b
26,1,starcoder2-7b
27,0,starcoder2-7b
28,1,starcoder2-7b
31,1,starcoder2-7b
35,1,starcoder2-7b
36,1,starcoder2-7b
41,1,starcoder2-7b
42,1,starcoder2-7b
43,0,starcoder2-7b
44,1,starcoder2-7b
45,1,starcoder2-7b
46,1,starcoder2-7b
47,1,starcoder2-7b
52,0,starcoder2-7b
54,1,starcoder2-7b
55,0,starcoder2-7b
58,1,starcoder2-7b
59,1,starcoder2-7b
60,0,starcoder2-7b
62,1,starcoder2-7b
64,1,starcoder2-7b
65,0,starcoder2-7b
67,1,starcoder2-7b
68,0,starcoder2-7b
70,1,starcoder2-7b
71,0,starcoder2-7b
72,1,starcoder2-7b
73,1,starcoder2-7b
75,1,starcoder2-7b
76,1,starcoder2-7b
77,0,starcoder2-7b
78,1,starcoder2-7b
79,1,starcoder2-7b
80,1,starcoder2-7b
81,1,starcoder2-7b
83,0,starcoder2-7b
84,1,starcoder2-7b
86,1,starcoder2-7b
214,1,starcoder2-7b
215,0,starcoder2-7b
219,1,starcoder2-7b
220,0,starcoder2-7b
224,1,starcoder2-7b
226,1,starcoder2-7b
229,1,starcoder2-7b
230,1,starcoder2-7b
231,1,starcoder2-7b
232,1,starcoder2-7b
233,0,starcoder2-7b
234,1,starcoder2-7b
235,1,starcoder2-7b
241,1,starcoder2-7b
242,0,starcoder2-7b
244,1,starcoder2-7b
248,1,starcoder2-7b
250,0,starcoder2-7b
256,1,starcoder2-7b
259,1,starcoder2-7b
260,1,starcoder2-7b
262,0,starcoder2-7b
264,1,starcoder2-7b
267,1,starcoder2-7b
268,0,starcoder2-7b
269,1,starcoder2-7b
281,1,starcoder2-7b
282,1,starcoder2-7b
286,1,starcoder2-7b
290,1,starcoder2-7b
291,1,starcoder2-7b
369,0,starcoder2-7b
370,0,starcoder2-7b
380,1,starcoder2-7b
381,1,starcoder2-7b
390,1,starcoder2-7b
392,0,starcoder2-7b
395,1,starcoder2-7b
396,1,starcoder2-7b
401,1,starcoder2-7b
404,1,starcoder2-7b
405,1,starcoder2-7b
406,1,starcoder2-7b
410,1,starcoder2-7b
413,1,starcoder2-7b
423,0,starcoder2-7b
424,1,starcoder2-7b
427,1,starcoder2-7b
430,1,starcoder2-7b
431,0,starcoder2-7b
433,1,starcoder2-7b
444,1,starcoder2-7b
445,1,starcoder2-7b
451,1,starcoder2-7b
460,0,starcoder2-7b
462,1,starcoder2-7b
465,1,starcoder2-7b
468,1,starcoder2-7b
469,1,starcoder2-7b
470,1,starcoder2-7b
471,1,starcoder2-7b
474,1,starcoder2-7b
475,0,starcoder2-7b
476,1,starcoder2-7b
482,1,starcoder2-7b
483,0,starcoder2-7b
485,1,starcoder2-7b
486,1,starcoder2-7b
487,1,starcoder2-7b
488,0,starcoder2-7b
490,1,starcoder2-7b
492,1,starcoder2-7b
493,1,starcoder2-7b
494,1,starcoder2-7b
495,1,starcoder2-7b
496,1,starcoder2-7b
498,1,starcoder2-7b
499,1,starcoder2-7b
500,0,starcoder2-7b
501,1,starcoder2-7b
505,1,starcoder2-7b
506,0,starcoder2-7b
507,0,starcoder2-7b
509,0,starcoder2-7b
510,1,starcoder2-7b
511,0,starcoder2-7b
512,1,starcoder2-7b
513,1,starcoder2-7b
514,0,starcoder2-7b
515,1,starcoder2-7b
516,1,starcoder2-7b
517,0,starcoder2-7b
518,1,starcoder2-7b
519,1,starcoder2-7b
520,0,starcoder2-7b
521,1,starcoder2-7b
522,0,starcoder2-7b
523,1,starcoder2-7b
524,0,starcoder2-7b
525,1,starcoder2-7b
526,0,starcoder2-7b
527,1,starcoder2-7b
546,0,starcoder2-7b
547,1,starcoder2-7b
551,1,starcoder2-7b
552,0,starcoder2-7b
555,1,starcoder2-7b
557,1,starcoder2-7b
558,1,starcoder2-7b
87,0,starcoder2-7b
88,1,starcoder2-7b
89,1,starcoder2-7b
92,1,starcoder2-7b
93,0,starcoder2-7b
95,0,starcoder2-7b
96,1,starcoder2-7b
97,1,starcoder2-7b
99,0,starcoder2-7b
100,1,starcoder2-7b
101,1,starcoder2-7b
103,0,starcoder2-7b
106,1,starcoder2-7b
107,0,starcoder2-7b
108,1,starcoder2-7b
110,0,starcoder2-7b
112,1,starcoder2-7b
116,1,starcoder2-7b
117,1,starcoder2-7b
118,1,starcoder2-7b
121,0,starcoder2-7b
122,1,starcoder2-7b
123,0,starcoder2-7b
124,1,starcoder2-7b
125,1,starcoder2-7b
129,1,starcoder2-7b
133,1,starcoder2-7b
134,0,starcoder2-7b
135,0,starcoder2-7b
138,0,starcoder2-7b
139,1,starcoder2-7b
292,1,starcoder2-7b
298,0,starcoder2-7b
299,1,starcoder2-7b
315,1,starcoder2-7b
317,1,starcoder2-7b
318,1,starcoder2-7b
319,0,starcoder2-7b
320,1,starcoder2-7b
322,0,starcoder2-7b
323,1,starcoder2-7b
326,0,starcoder2-7b
447,1,starcoder2-7b
450,1,starcoder2-7b
528,1,starcoder2-7b
529,1,starcoder2-7b
530,1,starcoder2-7b
532,1,starcoder2-7b
533,0,starcoder2-7b
534,1,starcoder2-7b
535,0,starcoder2-7b
536,1,starcoder2-7b
537,0,starcoder2-7b
540,1,starcoder2-7b
541,1,starcoder2-7b
542,1,starcoder2-7b
543,1,starcoder2-7b
544,1,starcoder2-7b
545,0,starcoder2-7b
559,1,starcoder2-7b
560,1,starcoder2-7b
140,0,starcoder2-7b
141,1,starcoder2-7b
142,1,starcoder2-7b
143,0,starcoder2-7b
144,1,starcoder2-7b
146,0,starcoder2-7b
150,0,starcoder2-7b
151,0,starcoder2-7b
153,1,starcoder2-7b
155,1,starcoder2-7b
156,1,starcoder2-7b
157,1,starcoder2-7b
158,0,starcoder2-7b
159,1,starcoder2-7b
160,1,starcoder2-7b
161,0,starcoder2-7b
162,1,starcoder2-7b
165,1,starcoder2-7b
166,0,starcoder2-7b
167,1,starcoder2-7b
168,1,starcoder2-7b
169,0,starcoder2-7b
331,1,starcoder2-7b
334,1,starcoder2-7b
341,1,starcoder2-7b
342,0,starcoder2-7b
565,1,starcoder2-7b
566,1,starcoder2-7b
567,0,starcoder2-7b
569,1,starcoder2-7b
571,1,starcoder2-7b
575,0,starcoder2-7b
576,1,starcoder2-7b
577,1,starcoder2-7b
578,0,starcoder2-7b
581,1,starcoder2-7b
582,1,starcoder2-7b
583,0,starcoder2-7b
584,1,starcoder2-7b
585,1,starcoder2-7b
586,1,starcoder2-7b
170,1,starcoder2-7b
173,1,starcoder2-7b
174,0,starcoder2-7b
176,1,starcoder2-7b
177,1,starcoder2-7b
178,0,starcoder2-7b
179,1,starcoder2-7b
180,0,starcoder2-7b
181,1,starcoder2-7b
182,0,starcoder2-7b
348,1,starcoder2-7b
349,1,starcoder2-7b
350,1,starcoder2-7b
351,0,starcoder2-7b
352,1,starcoder2-7b
609,1,starcoder2-7b
610,1,starcoder2-7b
611,1,starcoder2-7b
612,0,starcoder2-7b
614,1,starcoder2-7b
615,0,starcoder2-7b
616,1,starcoder2-7b
617,1,starcoder2-7b
623,0,starcoder2-7b
625,1,starcoder2-7b
626,0,starcoder2-7b
628,1,starcoder2-7b
630,0,starcoder2-7b
631,1,starcoder2-7b
632,0,starcoder2-7b
633,1,starcoder2-7b
183,1,starcoder2-7b
184,0,starcoder2-7b
187,1,starcoder2-7b
188,0,starcoder2-7b
189,1,starcoder2-7b
190,1,starcoder2-7b
191,1,starcoder2-7b
196,0,starcoder2-7b
197,0,starcoder2-7b
198,1,starcoder2-7b
200,1,starcoder2-7b
202,0,starcoder2-7b
203,1,starcoder2-7b
204,0,starcoder2-7b
206,1,starcoder2-7b
207,0,starcoder2-7b
209,0,starcoder2-7b
210,1,starcoder2-7b
354,0,starcoder2-7b
355,1,starcoder2-7b
356,0,starcoder2-7b
357,1,starcoder2-7b
358,1,starcoder2-7b
365,1,starcoder2-7b
481,1,starcoder2-7b
589,0,starcoder2-7b
590,1,starcoder2-7b
592,0,starcoder2-7b
594,1,starcoder2-7b
595,1,starcoder2-7b
597,0,starcoder2-7b
598,0,starcoder2-7b
599,1,starcoder2-7b
601,1,starcoder2-7b
603,1,starcoder2-7b
604,0,starcoder2-7b
605,1,starcoder2-7b
606,0,starcoder2-7b
