1,0,CodeLlama-7b-hf
5,0,CodeLlama-7b-hf
6,1,CodeLlama-7b-hf
8,0,CodeLlama-7b-hf
9,1,CodeLlama-7b-hf
11,0,CodeLlama-7b-hf
12,1,CodeLlama-7b-hf
13,0,CodeLlama-7b-hf
17,1,CodeLlama-7b-hf
18,0,CodeLlama-7b-hf
19,1,CodeLlama-7b-hf
20,0,CodeLlama-7b-hf
21,1,CodeLlama-7b-hf
22,0,CodeLlama-7b-hf
23,1,CodeLlama-7b-hf
24,0,CodeLlama-7b-hf
26,1,CodeLlama-7b-hf
27,1,CodeLlama-7b-hf
28,1,CodeLlama-7b-hf
31,0,CodeLlama-7b-hf
35,1,CodeLlama-7b-hf
36,1,CodeLlama-7b-hf
41,1,CodeLlama-7b-hf
42,1,CodeLlama-7b-hf
43,1,CodeLlama-7b-hf
44,0,CodeLlama-7b-hf
45,0,CodeLlama-7b-hf
46,0,CodeLlama-7b-hf
47,1,CodeLlama-7b-hf
52,1,CodeLlama-7b-hf
54,0,CodeLlama-7b-hf
55,1,CodeLlama-7b-hf
58,1,CodeLlama-7b-hf
59,1,CodeLlama-7b-hf
60,1,CodeLlama-7b-hf
62,1,CodeLlama-7b-hf
64,1,CodeLlama-7b-hf
65,1,CodeLlama-7b-hf
67,0,CodeLlama-7b-hf
68,0,CodeLlama-7b-hf
70,1,CodeLlama-7b-hf
71,0,CodeLlama-7b-hf
72,0,CodeLlama-7b-hf
73,1,CodeLlama-7b-hf
75,1,CodeLlama-7b-hf
76,0,CodeLlama-7b-hf
77,1,CodeLlama-7b-hf
78,0,CodeLlama-7b-hf
79,1,CodeLlama-7b-hf
80,0,CodeLlama-7b-hf
81,1,CodeLlama-7b-hf
83,0,CodeLlama-7b-hf
84,0,CodeLlama-7b-hf
86,0,CodeLlama-7b-hf
214,1,CodeLlama-7b-hf
215,0,CodeLlama-7b-hf
219,1,CodeLlama-7b-hf
220,0,CodeLlama-7b-hf
224,1,CodeLlama-7b-hf
226,1,CodeLlama-7b-hf
229,0,CodeLlama-7b-hf
230,1,CodeLlama-7b-hf
231,1,CodeLlama-7b-hf
232,0,CodeLlama-7b-hf
233,0,CodeLlama-7b-hf
234,1,CodeLlama-7b-hf
235,1,CodeLlama-7b-hf
241,1,CodeLlama-7b-hf
242,0,CodeLlama-7b-hf
244,0,CodeLlama-7b-hf
248,1,CodeLlama-7b-hf
250,0,CodeLlama-7b-hf
256,1,CodeLlama-7b-hf
259,0,CodeLlama-7b-hf
260,1,CodeLlama-7b-hf
262,0,CodeLlama-7b-hf
264,1,CodeLlama-7b-hf
267,1,CodeLlama-7b-hf
268,1,CodeLlama-7b-hf
269,1,CodeLlama-7b-hf
281,1,CodeLlama-7b-hf
282,0,CodeLlama-7b-hf
286,1,CodeLlama-7b-hf
290,1,CodeLlama-7b-hf
291,1,CodeLlama-7b-hf
369,1,CodeLlama-7b-hf
370,1,CodeLlama-7b-hf
380,1,CodeLlama-7b-hf
381,0,CodeLlama-7b-hf
390,1,CodeLlama-7b-hf
392,0,CodeLlama-7b-hf
395,1,CodeLlama-7b-hf
396,1,CodeLlama-7b-hf
401,0,CodeLlama-7b-hf
404,1,CodeLlama-7b-hf
405,0,CodeLlama-7b-hf
406,1,CodeLlama-7b-hf
410,0,CodeLlama-7b-hf
413,1,CodeLlama-7b-hf
420,1,CodeLlama-7b-hf
423,1,CodeLlama-7b-hf
424,1,CodeLlama-7b-hf
427,1,CodeLlama-7b-hf
430,1,CodeLlama-7b-hf
431,1,CodeLlama-7b-hf
433,1,CodeLlama-7b-hf
444,1,CodeLlama-7b-hf
445,1,CodeLlama-7b-hf
451,1,CodeLlama-7b-hf
460,1,CodeLlama-7b-hf
462,1,CodeLlama-7b-hf
465,1,CodeLlama-7b-hf
468,1,CodeLlama-7b-hf
469,0,CodeLlama-7b-hf
470,1,CodeLlama-7b-hf
471,1,CodeLlama-7b-hf
474,0,CodeLlama-7b-hf
475,1,CodeLlama-7b-hf
476,1,CodeLlama-7b-hf
482,0,CodeLlama-7b-hf
483,1,CodeLlama-7b-hf
485,1,CodeLlama-7b-hf
486,0,CodeLlama-7b-hf
487,1,CodeLlama-7b-hf
488,1,CodeLlama-7b-hf
490,0,CodeLlama-7b-hf
492,1,CodeLlama-7b-hf
493,1,CodeLlama-7b-hf
494,1,CodeLlama-7b-hf
495,1,CodeLlama-7b-hf
496,0,CodeLlama-7b-hf
498,1,CodeLlama-7b-hf
499,1,CodeLlama-7b-hf
500,0,CodeLlama-7b-hf
501,0,CodeLlama-7b-hf
505,1,CodeLlama-7b-hf
506,1,CodeLlama-7b-hf
507,0,CodeLlama-7b-hf
509,0,CodeLlama-7b-hf
510,1,CodeLlama-7b-hf
511,0,CodeLlama-7b-hf
512,1,CodeLlama-7b-hf
513,1,CodeLlama-7b-hf
514,1,CodeLlama-7b-hf
515,1,CodeLlama-7b-hf
516,1,CodeLlama-7b-hf
517,1,CodeLlama-7b-hf
518,0,CodeLlama-7b-hf
519,1,CodeLlama-7b-hf
520,0,CodeLlama-7b-hf
521,1,CodeLlama-7b-hf
522,1,CodeLlama-7b-hf
523,1,CodeLlama-7b-hf
524,1,CodeLlama-7b-hf
525,1,CodeLlama-7b-hf
526,1,CodeLlama-7b-hf
527,1,CodeLlama-7b-hf
546,1,CodeLlama-7b-hf
547,1,CodeLlama-7b-hf
551,1,CodeLlama-7b-hf
552,1,CodeLlama-7b-hf
555,0,CodeLlama-7b-hf
557,1,CodeLlama-7b-hf
558,1,CodeLlama-7b-hf
87,0,CodeLlama-7b-hf
88,1,CodeLlama-7b-hf
89,1,CodeLlama-7b-hf
92,0,CodeLlama-7b-hf
93,0,CodeLlama-7b-hf
95,1,CodeLlama-7b-hf
96,1,CodeLlama-7b-hf
97,0,CodeLlama-7b-hf
99,1,CodeLlama-7b-hf
100,0,CodeLlama-7b-hf
101,1,CodeLlama-7b-hf
103,1,CodeLlama-7b-hf
106,1,CodeLlama-7b-hf
107,0,CodeLlama-7b-hf
108,1,CodeLlama-7b-hf
110,1,CodeLlama-7b-hf
112,0,CodeLlama-7b-hf
116,1,CodeLlama-7b-hf
117,1,CodeLlama-7b-hf
118,0,CodeLlama-7b-hf
121,1,CodeLlama-7b-hf
122,1,CodeLlama-7b-hf
123,1,CodeLlama-7b-hf
124,0,CodeLlama-7b-hf
125,1,CodeLlama-7b-hf
129,1,CodeLlama-7b-hf
130,1,CodeLlama-7b-hf
133,0,CodeLlama-7b-hf
134,1,CodeLlama-7b-hf
135,0,CodeLlama-7b-hf
138,0,CodeLlama-7b-hf
139,1,CodeLlama-7b-hf
292,1,CodeLlama-7b-hf
298,1,CodeLlama-7b-hf
299,1,CodeLlama-7b-hf
315,1,CodeLlama-7b-hf
317,1,CodeLlama-7b-hf
318,1,CodeLlama-7b-hf
319,1,CodeLlama-7b-hf
320,1,CodeLlama-7b-hf
322,1,CodeLlama-7b-hf
323,1,CodeLlama-7b-hf
326,1,CodeLlama-7b-hf
447,0,CodeLlama-7b-hf
450,1,CodeLlama-7b-hf
528,1,CodeLlama-7b-hf
529,1,CodeLlama-7b-hf
530,1,CodeLlama-7b-hf
532,1,CodeLlama-7b-hf
533,1,CodeLlama-7b-hf
534,1,CodeLlama-7b-hf
535,1,CodeLlama-7b-hf
536,1,CodeLlama-7b-hf
537,1,CodeLlama-7b-hf
540,1,CodeLlama-7b-hf
541,1,CodeLlama-7b-hf
542,1,CodeLlama-7b-hf
543,1,CodeLlama-7b-hf
544,1,CodeLlama-7b-hf
545,0,CodeLlama-7b-hf
559,1,CodeLlama-7b-hf
560,1,CodeLlama-7b-hf
140,0,CodeLlama-7b-hf
141,1,CodeLlama-7b-hf
142,1,CodeLlama-7b-hf
143,0,CodeLlama-7b-hf
144,1,CodeLlama-7b-hf
146,0,CodeLlama-7b-hf
150,1,CodeLlama-7b-hf
151,1,CodeLlama-7b-hf
153,1,CodeLlama-7b-hf
155,1,CodeLlama-7b-hf
156,1,CodeLlama-7b-hf
157,1,CodeLlama-7b-hf
158,0,CodeLlama-7b-hf
159,0,CodeLlama-7b-hf
160,1,CodeLlama-7b-hf
161,1,CodeLlama-7b-hf
162,1,CodeLlama-7b-hf
165,0,CodeLlama-7b-hf
166,1,CodeLlama-7b-hf
167,1,CodeLlama-7b-hf
168,1,CodeLlama-7b-hf
169,1,CodeLlama-7b-hf
331,1,CodeLlama-7b-hf
334,1,CodeLlama-7b-hf
341,1,CodeLlama-7b-hf
342,1,CodeLlama-7b-hf
565,1,CodeLlama-7b-hf
566,1,CodeLlama-7b-hf
567,1,CodeLlama-7b-hf
569,0,CodeLlama-7b-hf
571,1,CodeLlama-7b-hf
575,1,CodeLlama-7b-hf
576,1,CodeLlama-7b-hf
577,1,CodeLlama-7b-hf
578,1,CodeLlama-7b-hf
581,1,CodeLlama-7b-hf
582,1,CodeLlama-7b-hf
583,1,CodeLlama-7b-hf
584,1,CodeLlama-7b-hf
585,1,CodeLlama-7b-hf
586,1,CodeLlama-7b-hf
170,1,CodeLlama-7b-hf
173,1,CodeLlama-7b-hf
174,0,CodeLlama-7b-hf
176,1,CodeLlama-7b-hf
177,0,CodeLlama-7b-hf
178,0,CodeLlama-7b-hf
179,1,CodeLlama-7b-hf
180,1,CodeLlama-7b-hf
181,1,CodeLlama-7b-hf
182,0,CodeLlama-7b-hf
348,1,CodeLlama-7b-hf
349,1,CodeLlama-7b-hf
350,1,CodeLlama-7b-hf
351,1,CodeLlama-7b-hf
352,1,CodeLlama-7b-hf
609,1,CodeLlama-7b-hf
610,1,CodeLlama-7b-hf
611,1,CodeLlama-7b-hf
612,1,CodeLlama-7b-hf
614,1,CodeLlama-7b-hf
615,1,CodeLlama-7b-hf
616,1,CodeLlama-7b-hf
617,1,CodeLlama-7b-hf
623,1,CodeLlama-7b-hf
625,1,CodeLlama-7b-hf
626,1,CodeLlama-7b-hf
628,0,CodeLlama-7b-hf
630,1,CodeLlama-7b-hf
631,0,CodeLlama-7b-hf
632,1,CodeLlama-7b-hf
633,1,CodeLlama-7b-hf
183,0,CodeLlama-7b-hf
184,1,CodeLlama-7b-hf
187,1,CodeLlama-7b-hf
188,1,CodeLlama-7b-hf
189,0,CodeLlama-7b-hf
190,1,CodeLlama-7b-hf
191,1,CodeLlama-7b-hf
196,1,CodeLlama-7b-hf
197,1,CodeLlama-7b-hf
198,1,CodeLlama-7b-hf
200,0,CodeLlama-7b-hf
202,1,CodeLlama-7b-hf
203,1,CodeLlama-7b-hf
204,0,CodeLlama-7b-hf
206,1,CodeLlama-7b-hf
207,1,CodeLlama-7b-hf
209,0,CodeLlama-7b-hf
210,0,CodeLlama-7b-hf
354,1,CodeLlama-7b-hf
355,1,CodeLlama-7b-hf
356,0,CodeLlama-7b-hf
357,1,CodeLlama-7b-hf
358,1,CodeLlama-7b-hf
365,1,CodeLlama-7b-hf
481,1,CodeLlama-7b-hf
589,0,CodeLlama-7b-hf
590,1,CodeLlama-7b-hf
592,0,CodeLlama-7b-hf
594,0,CodeLlama-7b-hf
595,1,CodeLlama-7b-hf
597,1,CodeLlama-7b-hf
598,1,CodeLlama-7b-hf
599,1,CodeLlama-7b-hf
601,1,CodeLlama-7b-hf
603,1,CodeLlama-7b-hf
604,0,CodeLlama-7b-hf
605,0,CodeLlama-7b-hf
606,0,CodeLlama-7b-hf
