1,0,codegen25-7b-instruct_P
5,1,codegen25-7b-instruct_P
6,1,codegen25-7b-instruct_P
1,0,codegen25-7b-instruct_P
5,1,codegen25-7b-instruct_P
6,1,codegen25-7b-instruct_P
1,1,codegen25-7b-instruct_P
5,1,codegen25-7b-instruct_P
6,0,codegen25-7b-instruct_P
8,1,codegen25-7b-instruct_P
9,1,codegen25-7b-instruct_P
11,0,codegen25-7b-instruct_P
12,1,codegen25-7b-instruct_P
13,1,codegen25-7b-instruct_P
17,1,codegen25-7b-instruct_P
18,1,codegen25-7b-instruct_P
19,1,codegen25-7b-instruct_P
20,0,codegen25-7b-instruct_P
21,1,codegen25-7b-instruct_P
22,1,codegen25-7b-instruct_P
23,1,codegen25-7b-instruct_P
24,1,codegen25-7b-instruct_P
26,1,codegen25-7b-instruct_P
27,1,codegen25-7b-instruct_P
28,1,codegen25-7b-instruct_P
31,1,codegen25-7b-instruct_P
35,1,codegen25-7b-instruct_P
36,0,codegen25-7b-instruct_P
41,1,codegen25-7b-instruct_P
42,1,codegen25-7b-instruct_P
43,0,codegen25-7b-instruct_P
44,1,codegen25-7b-instruct_P
45,1,codegen25-7b-instruct_P
46,1,codegen25-7b-instruct_P
47,1,codegen25-7b-instruct_P
52,0,codegen25-7b-instruct_P
54,1,codegen25-7b-instruct_P
55,0,codegen25-7b-instruct_P
58,1,codegen25-7b-instruct_P
59,1,codegen25-7b-instruct_P
60,1,codegen25-7b-instruct_P
62,1,codegen25-7b-instruct_P
64,1,codegen25-7b-instruct_P
65,0,codegen25-7b-instruct_P
67,1,codegen25-7b-instruct_P
68,0,codegen25-7b-instruct_P
70,1,codegen25-7b-instruct_P
71,1,codegen25-7b-instruct_P
72,1,codegen25-7b-instruct_P
73,1,codegen25-7b-instruct_P
75,0,codegen25-7b-instruct_P
76,1,codegen25-7b-instruct_P
77,1,codegen25-7b-instruct_P
78,1,codegen25-7b-instruct_P
79,0,codegen25-7b-instruct_P
80,1,codegen25-7b-instruct_P
81,0,codegen25-7b-instruct_P
83,1,codegen25-7b-instruct_P
84,1,codegen25-7b-instruct_P
86,1,codegen25-7b-instruct_P
214,0,codegen25-7b-instruct_P
215,0,codegen25-7b-instruct_P
219,1,codegen25-7b-instruct_P
220,0,codegen25-7b-instruct_P
224,1,codegen25-7b-instruct_P
226,1,codegen25-7b-instruct_P
229,1,codegen25-7b-instruct_P
230,1,codegen25-7b-instruct_P
231,1,codegen25-7b-instruct_P
232,1,codegen25-7b-instruct_P
233,0,codegen25-7b-instruct_P
234,1,codegen25-7b-instruct_P
235,1,codegen25-7b-instruct_P
241,1,codegen25-7b-instruct_P
242,0,codegen25-7b-instruct_P
244,1,codegen25-7b-instruct_P
248,1,codegen25-7b-instruct_P
250,0,codegen25-7b-instruct_P
256,1,codegen25-7b-instruct_P
259,1,codegen25-7b-instruct_P
260,1,codegen25-7b-instruct_P
262,0,codegen25-7b-instruct_P
264,1,codegen25-7b-instruct_P
267,1,codegen25-7b-instruct_P
268,0,codegen25-7b-instruct_P
269,1,codegen25-7b-instruct_P
281,1,codegen25-7b-instruct_P
282,0,codegen25-7b-instruct_P
286,1,codegen25-7b-instruct_P
290,0,codegen25-7b-instruct_P
291,1,codegen25-7b-instruct_P
369,1,codegen25-7b-instruct_P
370,1,codegen25-7b-instruct_P
380,1,codegen25-7b-instruct_P
381,1,codegen25-7b-instruct_P
390,1,codegen25-7b-instruct_P
392,0,codegen25-7b-instruct_P
395,1,codegen25-7b-instruct_P
396,1,codegen25-7b-instruct_P
401,1,codegen25-7b-instruct_P
404,1,codegen25-7b-instruct_P
405,1,codegen25-7b-instruct_P
406,1,codegen25-7b-instruct_P
410,1,codegen25-7b-instruct_P
413,1,codegen25-7b-instruct_P
423,0,codegen25-7b-instruct_P
424,1,codegen25-7b-instruct_P
427,1,codegen25-7b-instruct_P
430,1,codegen25-7b-instruct_P
431,0,codegen25-7b-instruct_P
433,1,codegen25-7b-instruct_P
444,1,codegen25-7b-instruct_P
445,1,codegen25-7b-instruct_P
451,1,codegen25-7b-instruct_P
460,1,codegen25-7b-instruct_P
462,1,codegen25-7b-instruct_P
465,1,codegen25-7b-instruct_P
468,0,codegen25-7b-instruct_P
469,1,codegen25-7b-instruct_P
470,1,codegen25-7b-instruct_P
471,1,codegen25-7b-instruct_P
474,1,codegen25-7b-instruct_P
475,0,codegen25-7b-instruct_P
476,1,codegen25-7b-instruct_P
482,1,codegen25-7b-instruct_P
483,0,codegen25-7b-instruct_P
485,1,codegen25-7b-instruct_P
486,1,codegen25-7b-instruct_P
487,1,codegen25-7b-instruct_P
488,0,codegen25-7b-instruct_P
490,1,codegen25-7b-instruct_P
492,1,codegen25-7b-instruct_P
493,1,codegen25-7b-instruct_P
494,1,codegen25-7b-instruct_P
495,1,codegen25-7b-instruct_P
496,1,codegen25-7b-instruct_P
498,1,codegen25-7b-instruct_P
499,1,codegen25-7b-instruct_P
500,0,codegen25-7b-instruct_P
501,1,codegen25-7b-instruct_P
505,1,codegen25-7b-instruct_P
506,0,codegen25-7b-instruct_P
507,1,codegen25-7b-instruct_P
509,0,codegen25-7b-instruct_P
510,1,codegen25-7b-instruct_P
511,0,codegen25-7b-instruct_P
512,1,codegen25-7b-instruct_P
513,1,codegen25-7b-instruct_P
514,0,codegen25-7b-instruct_P
515,1,codegen25-7b-instruct_P
516,1,codegen25-7b-instruct_P
517,0,codegen25-7b-instruct_P
518,1,codegen25-7b-instruct_P
519,1,codegen25-7b-instruct_P
520,0,codegen25-7b-instruct_P
521,1,codegen25-7b-instruct_P
522,0,codegen25-7b-instruct_P
523,1,codegen25-7b-instruct_P
524,0,codegen25-7b-instruct_P
525,1,codegen25-7b-instruct_P
526,0,codegen25-7b-instruct_P
527,1,codegen25-7b-instruct_P
546,0,codegen25-7b-instruct_P
547,1,codegen25-7b-instruct_P
551,1,codegen25-7b-instruct_P
552,0,codegen25-7b-instruct_P
555,1,codegen25-7b-instruct_P
557,1,codegen25-7b-instruct_P
558,1,codegen25-7b-instruct_P
87,0,codegen25-7b-instruct_P
88,1,codegen25-7b-instruct_P
89,1,codegen25-7b-instruct_P
92,1,codegen25-7b-instruct_P
93,1,codegen25-7b-instruct_P
95,0,codegen25-7b-instruct_P
96,1,codegen25-7b-instruct_P
97,1,codegen25-7b-instruct_P
99,0,codegen25-7b-instruct_P
100,1,codegen25-7b-instruct_P
101,1,codegen25-7b-instruct_P
103,0,codegen25-7b-instruct_P
106,1,codegen25-7b-instruct_P
107,0,codegen25-7b-instruct_P
108,1,codegen25-7b-instruct_P
110,0,codegen25-7b-instruct_P
112,1,codegen25-7b-instruct_P
116,1,codegen25-7b-instruct_P
117,1,codegen25-7b-instruct_P
118,1,codegen25-7b-instruct_P
121,0,codegen25-7b-instruct_P
122,1,codegen25-7b-instruct_P
123,0,codegen25-7b-instruct_P
124,1,codegen25-7b-instruct_P
125,1,codegen25-7b-instruct_P
129,1,codegen25-7b-instruct_P
133,1,codegen25-7b-instruct_P
134,1,codegen25-7b-instruct_P
135,0,codegen25-7b-instruct_P
138,1,codegen25-7b-instruct_P
139,1,codegen25-7b-instruct_P
292,1,codegen25-7b-instruct_P
298,1,codegen25-7b-instruct_P
299,1,codegen25-7b-instruct_P
315,1,codegen25-7b-instruct_P
317,1,codegen25-7b-instruct_P
318,1,codegen25-7b-instruct_P
319,1,codegen25-7b-instruct_P
320,1,codegen25-7b-instruct_P
322,1,codegen25-7b-instruct_P
323,1,codegen25-7b-instruct_P
326,0,codegen25-7b-instruct_P
447,1,codegen25-7b-instruct_P
450,1,codegen25-7b-instruct_P
528,1,codegen25-7b-instruct_P
529,1,codegen25-7b-instruct_P
530,1,codegen25-7b-instruct_P
532,1,codegen25-7b-instruct_P
533,0,codegen25-7b-instruct_P
534,1,codegen25-7b-instruct_P
535,0,codegen25-7b-instruct_P
536,1,codegen25-7b-instruct_P
537,0,codegen25-7b-instruct_P
540,1,codegen25-7b-instruct_P
541,1,codegen25-7b-instruct_P
542,1,codegen25-7b-instruct_P
543,1,codegen25-7b-instruct_P
544,1,codegen25-7b-instruct_P
545,0,codegen25-7b-instruct_P
559,1,codegen25-7b-instruct_P
560,1,codegen25-7b-instruct_P
140,0,codegen25-7b-instruct_P
141,1,codegen25-7b-instruct_P
142,1,codegen25-7b-instruct_P
143,0,codegen25-7b-instruct_P
144,1,codegen25-7b-instruct_P
146,0,codegen25-7b-instruct_P
150,1,codegen25-7b-instruct_P
151,1,codegen25-7b-instruct_P
153,1,codegen25-7b-instruct_P
155,1,codegen25-7b-instruct_P
156,1,codegen25-7b-instruct_P
157,1,codegen25-7b-instruct_P
158,0,codegen25-7b-instruct_P
159,1,codegen25-7b-instruct_P
160,1,codegen25-7b-instruct_P
161,0,codegen25-7b-instruct_P
162,1,codegen25-7b-instruct_P
165,1,codegen25-7b-instruct_P
166,0,codegen25-7b-instruct_P
167,1,codegen25-7b-instruct_P
168,1,codegen25-7b-instruct_P
169,0,codegen25-7b-instruct_P
331,1,codegen25-7b-instruct_P
334,1,codegen25-7b-instruct_P
341,1,codegen25-7b-instruct_P
342,0,codegen25-7b-instruct_P
565,1,codegen25-7b-instruct_P
566,1,codegen25-7b-instruct_P
567,0,codegen25-7b-instruct_P
569,1,codegen25-7b-instruct_P
571,1,codegen25-7b-instruct_P
575,0,codegen25-7b-instruct_P
576,1,codegen25-7b-instruct_P
577,1,codegen25-7b-instruct_P
578,0,codegen25-7b-instruct_P
581,1,codegen25-7b-instruct_P
582,1,codegen25-7b-instruct_P
583,0,codegen25-7b-instruct_P
584,1,codegen25-7b-instruct_P
585,1,codegen25-7b-instruct_P
586,1,codegen25-7b-instruct_P
170,1,codegen25-7b-instruct_P
173,1,codegen25-7b-instruct_P
174,0,codegen25-7b-instruct_P
176,1,codegen25-7b-instruct_P
177,1,codegen25-7b-instruct_P
178,0,codegen25-7b-instruct_P
179,1,codegen25-7b-instruct_P
180,0,codegen25-7b-instruct_P
181,1,codegen25-7b-instruct_P
182,0,codegen25-7b-instruct_P
348,1,codegen25-7b-instruct_P
349,1,codegen25-7b-instruct_P
350,1,codegen25-7b-instruct_P
351,1,codegen25-7b-instruct_P
352,1,codegen25-7b-instruct_P
609,0,codegen25-7b-instruct_P
610,1,codegen25-7b-instruct_P
611,1,codegen25-7b-instruct_P
612,0,codegen25-7b-instruct_P
614,1,codegen25-7b-instruct_P
615,0,codegen25-7b-instruct_P
616,1,codegen25-7b-instruct_P
617,1,codegen25-7b-instruct_P
623,1,codegen25-7b-instruct_P
625,1,codegen25-7b-instruct_P
626,0,codegen25-7b-instruct_P
628,1,codegen25-7b-instruct_P
630,0,codegen25-7b-instruct_P
631,1,codegen25-7b-instruct_P
632,0,codegen25-7b-instruct_P
633,1,codegen25-7b-instruct_P
183,1,codegen25-7b-instruct_P
184,0,codegen25-7b-instruct_P
187,1,codegen25-7b-instruct_P
188,0,codegen25-7b-instruct_P
189,1,codegen25-7b-instruct_P
190,1,codegen25-7b-instruct_P
191,1,codegen25-7b-instruct_P
196,0,codegen25-7b-instruct_P
197,1,codegen25-7b-instruct_P
198,1,codegen25-7b-instruct_P
200,1,codegen25-7b-instruct_P
202,0,codegen25-7b-instruct_P
203,1,codegen25-7b-instruct_P
204,0,codegen25-7b-instruct_P
206,1,codegen25-7b-instruct_P
207,0,codegen25-7b-instruct_P
209,0,codegen25-7b-instruct_P
210,0,codegen25-7b-instruct_P
354,0,codegen25-7b-instruct_P
355,0,codegen25-7b-instruct_P
356,0,codegen25-7b-instruct_P
357,1,codegen25-7b-instruct_P
358,1,codegen25-7b-instruct_P
365,1,codegen25-7b-instruct_P
481,1,codegen25-7b-instruct_P
589,0,codegen25-7b-instruct_P
590,1,codegen25-7b-instruct_P
592,1,codegen25-7b-instruct_P
594,1,codegen25-7b-instruct_P
595,1,codegen25-7b-instruct_P
597,0,codegen25-7b-instruct_P
598,1,codegen25-7b-instruct_P
599,1,codegen25-7b-instruct_P
601,1,codegen25-7b-instruct_P
603,1,codegen25-7b-instruct_P
604,1,codegen25-7b-instruct_P
605,0,codegen25-7b-instruct_P
606,0,codegen25-7b-instruct_P
