1,1,CodeLlama-7b-hf
5,3221225477,CodeLlama-7b-hf
6,3221225477,CodeLlama-7b-hf
8,3221225477,CodeLlama-7b-hf
9,0,CodeLlama-7b-hf
12,4,CodeLlama-7b-hf
13,1,CodeLlama-7b-hf
17,5,CodeLlama-7b-hf
18,5,CodeLlama-7b-hf
19,0,CodeLlama-7b-hf
21,1,CodeLlama-7b-hf
22,1,CodeLlama-7b-hf
23,1,CodeLlama-7b-hf
24,1,CodeLlama-7b-hf
25,1,CodeLlama-7b-hf
26,3221226356,CodeLlama-7b-hf
28,4,CodeLlama-7b-hf
31,1,CodeLlama-7b-hf
35,0,CodeLlama-7b-hf
36,5,CodeLlama-7b-hf
42,3221225477,CodeLlama-7b-hf
43,4,CodeLlama-7b-hf
44,6,CodeLlama-7b-hf
45,1,CodeLlama-7b-hf
47,1,CodeLlama-7b-hf
52,3221225477,CodeLlama-7b-hf
53,1,CodeLlama-7b-hf
54,3221225477,CodeLlama-7b-hf
55,1,CodeLlama-7b-hf
56,3221225477,CodeLlama-7b-hf
58,3,CodeLlama-7b-hf
59,1,CodeLlama-7b-hf
60,1,CodeLlama-7b-hf
64,1,CodeLlama-7b-hf
65,3221226356,CodeLlama-7b-hf
67,3221225477,CodeLlama-7b-hf
68,3221225477,CodeLlama-7b-hf
70,3221225477,CodeLlama-7b-hf
71,3221225477,CodeLlama-7b-hf
72,1,CodeLlama-7b-hf
73,1,CodeLlama-7b-hf
75,1,CodeLlama-7b-hf
76,3221225477,CodeLlama-7b-hf
77,1,CodeLlama-7b-hf
78,1,CodeLlama-7b-hf
79,4,CodeLlama-7b-hf
80,3221225477,CodeLlama-7b-hf
81,4,CodeLlama-7b-hf
83,3221225477,CodeLlama-7b-hf
84,3221226356,CodeLlama-7b-hf
213,1,CodeLlama-7b-hf
214,1,CodeLlama-7b-hf
215,1,CodeLlama-7b-hf
221,1,CodeLlama-7b-hf
224,1,CodeLlama-7b-hf
226,1,CodeLlama-7b-hf
227,1,CodeLlama-7b-hf
229,1,CodeLlama-7b-hf
230,1,CodeLlama-7b-hf
231,1,CodeLlama-7b-hf
232,1,CodeLlama-7b-hf
233,3221226356,CodeLlama-7b-hf
234,1,CodeLlama-7b-hf
235,1,CodeLlama-7b-hf
241,1,CodeLlama-7b-hf
242,1,CodeLlama-7b-hf
248,1,CodeLlama-7b-hf
249,3221225477,CodeLlama-7b-hf
250,1,CodeLlama-7b-hf
255,1,CodeLlama-7b-hf
256,4,CodeLlama-7b-hf
259,2,CodeLlama-7b-hf
260,1,CodeLlama-7b-hf
262,1,CodeLlama-7b-hf
263,1,CodeLlama-7b-hf
264,1,CodeLlama-7b-hf
266,1,CodeLlama-7b-hf
267,1,CodeLlama-7b-hf
268,5,CodeLlama-7b-hf
269,0,CodeLlama-7b-hf
281,6,CodeLlama-7b-hf
282,1,CodeLlama-7b-hf
286,1,CodeLlama-7b-hf
290,1,CodeLlama-7b-hf
291,1,CodeLlama-7b-hf
370,1,CodeLlama-7b-hf
380,4,CodeLlama-7b-hf
395,1,CodeLlama-7b-hf
396,1,CodeLlama-7b-hf
401,3221225477,CodeLlama-7b-hf
404,1,CodeLlama-7b-hf
405,1,CodeLlama-7b-hf
410,1,CodeLlama-7b-hf
412,1,CodeLlama-7b-hf
413,1,CodeLlama-7b-hf
423,3,CodeLlama-7b-hf
424,1,CodeLlama-7b-hf
427,1,CodeLlama-7b-hf
430,0,CodeLlama-7b-hf
431,0,CodeLlama-7b-hf
433,1,CodeLlama-7b-hf
443,3221225477,CodeLlama-7b-hf
444,3221225477,CodeLlama-7b-hf
445,1,CodeLlama-7b-hf
451,1,CodeLlama-7b-hf
460,1,CodeLlama-7b-hf
462,1,CodeLlama-7b-hf
465,3221225477,CodeLlama-7b-hf
468,1,CodeLlama-7b-hf
469,1,CodeLlama-7b-hf
470,1,CodeLlama-7b-hf
471,1,CodeLlama-7b-hf
474,1,CodeLlama-7b-hf
475,1,CodeLlama-7b-hf
476,1,CodeLlama-7b-hf
482,3221225477,CodeLlama-7b-hf
483,1,CodeLlama-7b-hf
485,5,CodeLlama-7b-hf
486,1,CodeLlama-7b-hf
487,1,CodeLlama-7b-hf
488,1,CodeLlama-7b-hf
490,3221225477,CodeLlama-7b-hf
492,1,CodeLlama-7b-hf
493,1,CodeLlama-7b-hf
494,1,CodeLlama-7b-hf
496,1,CodeLlama-7b-hf
499,1,CodeLlama-7b-hf
500,1,CodeLlama-7b-hf
505,1,CodeLlama-7b-hf
506,3221225477,CodeLlama-7b-hf
507,0,CodeLlama-7b-hf
509,5,CodeLlama-7b-hf
510,0,CodeLlama-7b-hf
511,3221225477,CodeLlama-7b-hf
512,3221225477,CodeLlama-7b-hf
513,0,CodeLlama-7b-hf
514,3221226356,CodeLlama-7b-hf
515,3221225477,CodeLlama-7b-hf
516,1,CodeLlama-7b-hf
517,1,CodeLlama-7b-hf
518,1,CodeLlama-7b-hf
519,3221225477,CodeLlama-7b-hf
520,1,CodeLlama-7b-hf
521,1,CodeLlama-7b-hf
522,1,CodeLlama-7b-hf
523,1,CodeLlama-7b-hf
524,1,CodeLlama-7b-hf
525,1,CodeLlama-7b-hf
526,1,CodeLlama-7b-hf
527,3,CodeLlama-7b-hf
546,3221225477,CodeLlama-7b-hf
547,3221225477,CodeLlama-7b-hf
551,3221225477,CodeLlama-7b-hf
552,1,CodeLlama-7b-hf
555,5,CodeLlama-7b-hf
557,7,CodeLlama-7b-hf
558,6,CodeLlama-7b-hf
88,4,CodeLlama-7b-hf
89,3221225477,CodeLlama-7b-hf
92,3221225477,CodeLlama-7b-hf
93,3221225477,CodeLlama-7b-hf
95,1,CodeLlama-7b-hf
96,1,CodeLlama-7b-hf
99,1,CodeLlama-7b-hf
100,1,CodeLlama-7b-hf
101,5,CodeLlama-7b-hf
103,3221226356,CodeLlama-7b-hf
106,6,CodeLlama-7b-hf
107,5,CodeLlama-7b-hf
108,1,CodeLlama-7b-hf
110,1,CodeLlama-7b-hf
112,1,CodeLlama-7b-hf
116,1,CodeLlama-7b-hf
117,1,CodeLlama-7b-hf
118,1,CodeLlama-7b-hf
121,1,CodeLlama-7b-hf
122,1,CodeLlama-7b-hf
123,1,CodeLlama-7b-hf
124,1,CodeLlama-7b-hf
125,1,CodeLlama-7b-hf
127,1,CodeLlama-7b-hf
129,1,CodeLlama-7b-hf
130,1,CodeLlama-7b-hf
133,7,CodeLlama-7b-hf
134,7,CodeLlama-7b-hf
135,5,CodeLlama-7b-hf
138,3221225477,CodeLlama-7b-hf
139,1,CodeLlama-7b-hf
292,1,CodeLlama-7b-hf
298,3221225477,CodeLlama-7b-hf
299,3221225477,CodeLlama-7b-hf
306,4,CodeLlama-7b-hf
308,1,CodeLlama-7b-hf
315,3221225477,CodeLlama-7b-hf
317,7,CodeLlama-7b-hf
318,5,CodeLlama-7b-hf
319,5,CodeLlama-7b-hf
320,5,CodeLlama-7b-hf
322,5,CodeLlama-7b-hf
323,5,CodeLlama-7b-hf
326,1,CodeLlama-7b-hf
447,4,CodeLlama-7b-hf
450,6,CodeLlama-7b-hf
528,1,CodeLlama-7b-hf
529,1,CodeLlama-7b-hf
530,1,CodeLlama-7b-hf
532,6,CodeLlama-7b-hf
533,6,CodeLlama-7b-hf
534,1,CodeLlama-7b-hf
536,1,CodeLlama-7b-hf
537,1,CodeLlama-7b-hf
540,1,CodeLlama-7b-hf
541,1,CodeLlama-7b-hf
542,3,CodeLlama-7b-hf
543,1,CodeLlama-7b-hf
544,4,CodeLlama-7b-hf
545,1,CodeLlama-7b-hf
559,5,CodeLlama-7b-hf
560,5,CodeLlama-7b-hf
140,1,CodeLlama-7b-hf
142,3221225477,CodeLlama-7b-hf
144,1,CodeLlama-7b-hf
146,1,CodeLlama-7b-hf
149,1,CodeLlama-7b-hf
150,1,CodeLlama-7b-hf
151,1,CodeLlama-7b-hf
153,1,CodeLlama-7b-hf
154,1,CodeLlama-7b-hf
155,3221225477,CodeLlama-7b-hf
156,1,CodeLlama-7b-hf
157,1,CodeLlama-7b-hf
158,1,CodeLlama-7b-hf
159,1,CodeLlama-7b-hf
160,3221225477,CodeLlama-7b-hf
161,1,CodeLlama-7b-hf
162,1,CodeLlama-7b-hf
165,1,CodeLlama-7b-hf
166,1,CodeLlama-7b-hf
167,1,CodeLlama-7b-hf
168,1,CodeLlama-7b-hf
169,1,CodeLlama-7b-hf
331,1,CodeLlama-7b-hf
334,1,CodeLlama-7b-hf
341,1,CodeLlama-7b-hf
342,1,CodeLlama-7b-hf
565,1,CodeLlama-7b-hf
566,1,CodeLlama-7b-hf
567,1,CodeLlama-7b-hf
569,1,CodeLlama-7b-hf
571,1,CodeLlama-7b-hf
576,1,CodeLlama-7b-hf
577,1,CodeLlama-7b-hf
578,5,CodeLlama-7b-hf
581,1,CodeLlama-7b-hf
354,4,CodeLlama-7b-hf
355,4,CodeLlama-7b-hf
356,1,CodeLlama-7b-hf
357,3,CodeLlama-7b-hf
358,1,CodeLlama-7b-hf
359,1,CodeLlama-7b-hf
360,3221225477,CodeLlama-7b-hf
361,1,CodeLlama-7b-hf
365,1,CodeLlama-7b-hf
481,1,CodeLlama-7b-hf
589,3221225477,CodeLlama-7b-hf
590,3221225477,CodeLlama-7b-hf
592,5,CodeLlama-7b-hf
594,4,CodeLlama-7b-hf
595,3,CodeLlama-7b-hf
597,6,CodeLlama-7b-hf
601,1,CodeLlama-7b-hf
603,2,CodeLlama-7b-hf
604,4,CodeLlama-7b-hf
605,1,CodeLlama-7b-hf
606,1,CodeLlama-7b-hf
